{
  "main": {
    "id": "1846ee51b6dac9d5",
    "type": "split",
    "children": [
      {
        "id": "5ebd162d3f3fda05",
        "type": "tabs",
        "children": [
          {
            "id": "c453625dbdcff8c9",
            "type": "leaf",
            "state": {
              "type": "markdown",
              "state": {
                "file": "_drafts/Stripe Subscriptions in Rails.md",
                "mode": "source",
                "source": false
              }
            }
          },
          {
            "id": "43d9b090b996c8bf",
            "type": "leaf",
            "state": {
              "type": "markdown",
              "state": {
                "file": "Month picker with Flatpickr and Stimulus Rails 7.md",
                "mode": "source",
                "source": false
              }
            }
          },
          {
            "id": "ea9a57ee5d39e593",
            "type": "leaf",
            "state": {
              "type": "markdown",
              "state": {
                "file": "Rails SQL full outer join.md",
                "mode": "source",
                "source": false
              }
            }
          },
          {
            "id": "7a5db65fe7736526",
            "type": "leaf",
            "state": {
              "type": "markdown",
              "state": {
                "file": "TurboStreams vs TurboFrames.md",
                "mode": "source",
                "source": false
              }
            }
          },
          {
            "id": "dbfaedd414cd7cd1",
            "type": "leaf",
            "state": {
              "type": "markdown",
              "state": {
                "file": "How Ransack works.md",
                "mode": "source",
                "source": false
              }
            }
          },
          {
            "id": "a933aa2ab03c026f",
            "type": "leaf",
            "state": {
              "type": "markdown",
              "state": {
                "file": "Creating a SaaS application in Rails 7.md",
                "mode": "source",
                "source": false
              }
            }
          },
          {
            "id": "3ce5f8db5eb4c2d6",
            "type": "leaf",
            "state": {
              "type": "markdown",
              "state": {
                "file": "2024-03-10.md",
                "mode": "source",
                "source": false
              }
            }
          },
          {
            "id": "34f294d58698cb7e",
            "type": "leaf",
            "state": {
              "type": "markdown",
              "state": {
                "file": "_posts/2020-03-24-edit-content.md",
                "mode": "source",
                "source": false
              }
            }
          }
        ],
        "currentTab": 6
      }
    ],
    "direction": "vertical"
  },
  "left": {
    "id": "552368b2fbde1ddb",
    "type": "mobile-drawer",
    "children": [
      {
        "id": "e07264672d14b101",
        "type": "leaf",
        "state": {
          "type": "file-explorer",
          "state": {
            "sortOrder": "alphabetical"
          }
        }
      },
      {
        "id": "663fb12b1afeed3c",
        "type": "leaf",
        "state": {
          "type": "search",
          "state": {
            "query": "",
            "matchingCase": false,
            "explainSearch": false,
            "collapseAll": false,
            "extraContext": false,
            "sortOrder": "alphabetical"
          }
        }
      },
      {
        "id": "3e81144dcb361ee5",
        "type": "leaf",
        "state": {
          "type": "tag",
          "state": {
            "sortOrder": "frequency",
            "useHierarchy": true
          }
        }
      },
      {
        "id": "5ad3dadeaa321776",
        "type": "leaf",
        "state": {
          "type": "bookmarks",
          "state": {}
        }
      }
    ],
    "currentTab": 0
  },
  "right": {
    "id": "647cb086237e3911",
    "type": "mobile-drawer",
    "children": [
      {
        "id": "138f2f5ebb97b30a",
        "type": "leaf",
        "state": {
          "type": "backlink",
          "state": {
            "file": "2024-03-10.md",
            "collapseAll": false,
            "extraContext": false,
            "sortOrder": "alphabetical",
            "showSearch": false,
            "searchQuery": "",
            "backlinkCollapsed": false,
            "unlinkedCollapsed": true
          }
        }
      },
      {
        "id": "1abf64effb9c14b1",
        "type": "leaf",
        "state": {
          "type": "outgoing-link",
          "state": {
            "file": "2024-03-10.md",
            "linksCollapsed": false,
            "unlinkedCollapsed": true
          }
        }
      },
      {
        "id": "4ede81133efa8038",
        "type": "leaf",
        "state": {
          "type": "outline",
          "state": {
            "file": "2024-03-10.md"
          }
        }
      }
    ],
    "currentTab": 0
  },
  "left-ribbon": {
    "hiddenItems": {
      "switcher:Open quick switcher": false,
      "graph:Open graph view": false,
      "canvas:Create new canvas": false,
      "daily-notes:Open today's daily note": false,
      "templates:Insert template": false,
      "command-palette:Open command palette": false
    }
  },
  "active": "3ce5f8db5eb4c2d6",
  "lastOpenFiles": [
    "Zapier integration in Rails 7.md",
    "2024-03-10.md",
    "TurboStreams vs TurboFrames.md",
    "Rails SQL full outer join.md",
    "Month picker with Flatpickr and Stimulus Rails 7.md",
    "_drafts/Stripe Subscriptions in Rails.md",
    "_posts/2020-03-24-edit-content.md",
    "How Ransack works.md",
    "Creating a SaaS application in Rails 7.md",
    "_drafts/Rails Video Series.md",
    "_posts/2020-03-18-my-first-post.md",
    "_drafts/Outgoing and incoming emails in Rails 7 with MailGun.md",
    "_drafts/Creating iCalendar files in Rails 7.md",
    "_drafts/How to create beautiful emails with MJML in Rails 7.md",
    "_drafts/Send .ics file as attachment in Rails 7.md",
    "_drafts/how to user Receipts ruby gem.md",
    "_drafts/TDD with RSpec in Rails.md",
    "README.md",
    "2024-01-28.md",
    "_drafts",
    "IMG_0426.png",
    "LICENSE",
    "_includes",
    "Dockerfile",
    "Gemfile.lock",
    "Gemfile",
    "_config.yml",
    "_pages/about.md",
    "_pages/404.md",
    "_pages/frontpage.md",
    "_pages",
    "docker-compose.yml",
    "_posts/2020-04-15-posts.md",
    "_posts/2020-03-25-github-edit.md",
    "_posts/2020-04-17-local-env.md",
    "_posts",
    "_posts/2020-04-19-links.md",
    "assets/imgs/gh-pages.png",
    "assets/imgs/editing.gif",
    "assets/imgs/typora.png",
    "assets/imgs/environment.gif",
    "assets/imgs/screenshot.png",
    "assets/imgs/files.png",
    "assets/imgs/environments.png"
  ]
}